{
	"modules": [
		{
			"id":"wp_theme_portal_85",
			"prereqs": [
				{
					"id":"wp_client_main"
				},
				{
					"id":"wp_client_ext"
				},
				{
					"id":"wp_custom_page_style"
				},
				{
					"id":"wp_searchbar"
				}
			],
			"contributions": [
				{
					"type":"head",
					"sub-contributions": [
						{
							"type":"js",
							"uris": [
								{
									"value":"/js/head.js"
								},
								{
									"value":"/js/mobilenav.js",
									"deviceClass":"smartphone"
								},
								{
									"value":"/js/mobilenav.js.uncompressed.js",
									"deviceClass":"smartphone",
									"type":"debug"
								},
								{
									"value":"/js/mobilenav.js",
									"deviceClass":"tablet"
								},
								{
									"value":"/js/mobilenav.js.uncompressed.js",
									"deviceClass":"tablet",
									"type":"debug"
								}
							]
						},
						{
							"type":"css",
							"uris": [
								{
									"value":"/css/master.css"
								},
								{
									"value":"/css/master.css.uncompressed.css",
									"type":"debug"
								},
								{
									"value":"/css/masterRTL.css",
									"type":"rtl"
								},
								{
									"value":"/css/masterRTL.css.uncompressed.css",
									"type":"rtl,debug"
								},
								{
									"value":"/css/master_smartphone.css",
									"deviceClass":"smartphone"
								},
								{
									"value":"/css/master_smartphone.css.uncompressed.css",
									"deviceClass":"smartphone",
									"type":"debug"
								},
								{
									"value":"/css/master_smartphoneRTL.css",
									"deviceClass":"smartphone",
									"type":"rtl"
								},
								{
									"value":"/css/master_smartphoneRTL.css.uncompressed.css",
									"deviceClass":"smartphone",
									"type":"rtl,debug"
								},
								{
									"value":"/css/master_tablet.css",
									"deviceClass":"tablet"
								},
								{
									"value":"/css/master_tablet.css.uncompressed.css",
									"deviceClass":"tablet",
									"type":"debug"
								},
								{
									"value":"/css/master_tabletRTL.css",
									"deviceClass":"tablet",
									"type":"rtl"
								},
								{
									"value":"/css/master_tabletRTL.css.uncompressed.css",
									"deviceClass":"tablet",
									"type":"rtl,debug"
								}
							]
						}
					]
				}
			],
			"titles": [
				{
					"value":"الأساسي (النسق الرئيسي 8.5)",
					"lang":"ar"
				},
				{
					"value":"Principal (Tema 8.5)",
					"lang":"ca"
				},
				{
					"value":"Hlavní (motiv 8.5)",
					"lang":"cs"
				},
				{
					"value":"Overordnet (8.5-tema)",
					"lang":"da"
				},
				{
					"value":"Hauptmenü (8.5-Motiv)",
					"lang":"de"
				},
				{
					"value":"Κύριο (Θέμα 8.5)",
					"lang":"el"
				},
				{
					"value":"Main (8.5 Theme)",
					"lang":"en"
				},
				{
					"value":"Principal (Tema 8.5)",
					"lang":"es"
				},
				{
					"value":"Pääobjekti (8.5-teema)",
					"lang":"fi"
				},
				{
					"value":"Principal (thème 8.5)",
					"lang":"fr"
				},
				{
					"value":"דואר (ערכה 8.5)",
					"lang":"he"
				},
				{
					"value":"Glavno (8.5 tema)",
					"lang":"hr"
				},
				{
					"value":"Fő (8.5 téma)",
					"lang":"hu"
				},
				{
					"value":"Principale (tema 8.5)",
					"lang":"it"
				},
				{
					"value":"メイン (8.5 テーマ)",
					"lang":"ja"
				},
				{
					"value":"Негізгі (8.5 Тақырып)",
					"lang":"kk"
				},
				{
					"value":"기본(8.5 테마)",
					"lang":"ko"
				},
				{
					"value":"Hoofd (8.5-thema)",
					"lang":"nl"
				},
				{
					"value":"Main (8.5 Theme)",
					"lang":"no"
				},
				{
					"value":"Główny (kompozycja w wersji 8.5)",
					"lang":"pl"
				},
				{
					"value":"Principal (Tema 8.5)",
					"lang":"pt"
				},
				{
					"value":"Principal (8,5 Theme)",
					"lang":"pt_BR"
				},
				{
					"value":"Principal (Tema 8.5)",
					"lang":"ro"
				},
				{
					"value":"Основной модуль (тема 8.5)",
					"lang":"ru"
				},
				{
					"value":"Hlavná (téma 8.5)",
					"lang":"sk"
				},
				{
					"value":"Glavno (tema 8.5)",
					"lang":"sl"
				},
				{
					"value":"Main (8.5 Theme)",
					"lang":"sv"
				},
				{
					"value":"Main (8.5 Theme)",
					"lang":"th"
				},
				{
					"value":"Ana (8.5 Teması)",
					"lang":"tr"
				},
				{
					"value":"Головна (тема 8.5)",
					"lang":"uk"
				},
				{
					"value":"主要（8.5 主题）",
					"lang":"zh"
				},
				{
					"value":"主要（8.5 佈景主題）",
					"lang":"zh_TW"
				}
			],
			"descriptions": [
				{
					"value":"يقدم المصادر الخاصة بالنسق الرئيسي مثل أنماط CSS وملفات javascript الأساسية.",
					"lang":"ar"
				},
				{
					"value":"Proporciona recursos específics de tema com ara estils css i fitxers core javascript.",
					"lang":"ca"
				},
				{
					"value":"Poskytuje prostředky specifické pro motiv, jako např. styly CSS a základní soubory se skriptem JavaScript.",
					"lang":"cs"
				},
				{
					"value":"Leverer temaspecifikke ressourcer som f.eks. CSS-typografier og JavaScript-kernefiler.",
					"lang":"da"
				},
				{
					"value":"Stellt motivspezifische Ressourcen wie CSS-Stile und JavaScript-Kerndateien zur Verfügung.",
					"lang":"de"
				},
				{
					"value":"Παρέχει πόρους για το θέμα, όπως στυλ CSS και βασικά αρχεία Javascript.",
					"lang":"el"
				},
				{
					"value":"Provides theme specific resources such as css styles and core javascript files.",
					"lang":"en"
				},
				{
					"value":"Proporciona recursos específicos del tema, como por ejemplo estilos css y archivos javascript principales.",
					"lang":"es"
				},
				{
					"value":"Tarjoaa teemakohtaiset resurssit, kuten CSS-tyylitiedostot ja core javascript -tiedostot.",
					"lang":"fi"
				},
				{
					"value":"Fournit des ressources spécifiques de thème telles que des styles CSS et des fichiers JavaScript de base.",
					"lang":"fr"
				},
				{
					"value":"מספק משאבים ספציפיים לערכה כגון סגנונות css וקובצי ליבה של javascript.‏",
					"lang":"he"
				},
				{
					"value":"Pruža resurse specifične za temu, kao što su css stilovi i glavne javascript datoteke.",
					"lang":"hr"
				},
				{
					"value":"Biztosítja a témaspecifikus erőforrásokat, például a CSS stílusokat és a törzs JavaScript fájlokat.",
					"lang":"hu"
				},
				{
					"value":"Fornisce risorse specifiche di tema come ad esempio stili css e file javascript.",
					"lang":"it"
				},
				{
					"value":"テーマ固有のリソース (CSS スタイルやコア Javascript ファイルなど) を提供します。",
					"lang":"ja"
				},
				{
					"value":"Сss мәнерлер және қабатты javascript файлдар ретінде тақырыптың арнайы ресурстарын қамтамасыз етеді.",
					"lang":"kk"
				},
				{
					"value":"CSS 스타일 및 코어 Javascript 파일과 같은 테마 자원을 제공합니다.",
					"lang":"ko"
				},
				{
					"value":"Biedt themaspecifieke resources, zoals CSS-stijlen en JavaScript-kernbestanden.",
					"lang":"nl"
				},
				{
					"value":"Leverer temaspesifikke ressurser som CSS-stiler og JavaScript-kjernefiler.",
					"lang":"no"
				},
				{
					"value":"Udostępnia zasoby specyficzne dla kompozycji, takie jak style CSS i podstawowe pliki JavaScript.",
					"lang":"pl"
				},
				{
					"value":"Fornece recursos específicos de tema como, por exemplo, estilos css e ficheiros javascript centrais.",
					"lang":"pt"
				},
				{
					"value":"Fornece tema específico de recursos como estilos css e javascript arquivos de núcleo.",
					"lang":"pt_BR"
				},
				{
					"value":"Furnizează resursele specifice temei cum ar fi stilurile css şi fişierle javascript nucleu.",
					"lang":"ro"
				},
				{
					"value":"Предоставляет ресурсы для тем, такие как стили css и базовые файлы javascript.",
					"lang":"ru"
				},
				{
					"value":"Poskytuje prostriedky špecifické pre tému, ako sú štýly css a základné súbory javascript.",
					"lang":"sk"
				},
				{
					"value":"Ponuja vire, specifične za določeno temo, kot so slogi CSS in jedrne datoteke JavaScript.",
					"lang":"sl"
				},
				{
					"value":"Tillhandahåller temaspecifika resurser, t.ex. CSS-format och JavaScript-kärnfiler.",
					"lang":"sv"
				},
				{
					"value":"จัดให้มีรีซอร์สเฉพาะธีมเช่น สไตล์ css และไฟล์ javascript หลัก",
					"lang":"th"
				},
				{
					"value":"CSS biçemleri ve çekirdek javascript dosyaları gibi, temaya özel kaynakları sağlar.",
					"lang":"tr"
				},
				{
					"value":"Надає ресурси для окремої теми, наприклад стилі css і файли javascript ядра.",
					"lang":"uk"
				},
				{
					"value":"提供特定于主题的资源（例如，CSS 样式和核心 javascript 文件）。",
					"lang":"zh"
				},
				{
					"value":"提供佈景主題特定的資源（例如 CSS 樣式和核心 javascript 檔案）。",
					"lang":"zh_TW"
				}
			]
		},
		{
			"id":"wp_theme_menus",
			"prereqs": [
				{
					"id":"wp_simple_contextmenu_main"
				}
			],
			"titles": [
				{
					"value":"دعم القائمة السياقية (النسق الرئيسي 8.5)",
					"lang":"ar"
				},
				{
					"value":"Suport de menú contextual (tema 8.5)",
					"lang":"ca"
				},
				{
					"value":"Podpora kontextových nabídek (motiv 8.5)",
					"lang":"cs"
				},
				{
					"value":"Understøttelse af kontekstmenu (8.5-tema)",
					"lang":"da"
				},
				{
					"value":"Unterstützung von Kontextmenüs (8.5-Motiv)",
					"lang":"de"
				},
				{
					"value":"Υποστήριξη μενού περιβάλλοντος (Θέμα 8.5)",
					"lang":"el"
				},
				{
					"value":"Context Menu Support (8.5 Theme)",
					"lang":"en"
				},
				{
					"value":"Soporte de menú contextual (Tema 8.5)",
					"lang":"es"
				},
				{
					"value":"Pikavalikkotuki (8.5 teema)",
					"lang":"fi"
				},
				{
					"value":"Support des menus contextuels (thème 8.5)",
					"lang":"fr"
				},
				{
					"value":"תמיכת תפריט הקשר (ערכה 8.5)",
					"lang":"he"
				},
				{
					"value":"Podrška za kontekstni izbornik (8.5 tema)",
					"lang":"hr"
				},
				{
					"value":"Előugró menü támogatás (8.5 téma)",
					"lang":"hu"
				},
				{
					"value":"Supporto menu contesto (tema 8.5)",
					"lang":"it"
				},
				{
					"value":"コンテキスト・メニュー・サポート (8.5 テーマ)",
					"lang":"ja"
				},
				{
					"value":"Context Menu Support (8.5 Тақырып)",
					"lang":"kk"
				},
				{
					"value":"컨텍스트 메뉴 지원(8.5 테마)",
					"lang":"ko"
				},
				{
					"value":"Ondersteuning voor contextmenu (8.5-thema)",
					"lang":"nl"
				},
				{
					"value":"Context Menu Support (8.5 Theme)",
					"lang":"no"
				},
				{
					"value":"Obsługa menu kontekstowego (kompozycja w wersji 8.5)",
					"lang":"pl"
				},
				{
					"value":"Suporte de menu contextual (Tema 8.5)",
					"lang":"pt"
				},
				{
					"value":"Menu de Contexto Suporte (8,5 Theme)",
					"lang":"pt_BR"
				},
				{
					"value":"Suport meniu context (Tema 8.5)",
					"lang":"ro"
				},
				{
					"value":"Поддержка контекстного меню (тема 8.5)",
					"lang":"ru"
				},
				{
					"value":"Podpora kontextovej ponuky (téma 8.5)",
					"lang":"sk"
				},
				{
					"value":"Podpora za kontekstni meni (tema 8.5)",
					"lang":"sl"
				},
				{
					"value":"Context Menu Support (8.5 Theme)",
					"lang":"sv"
				},
				{
					"value":"การสนับสนุนเมนูบริบท (8.5 Theme)",
					"lang":"th"
				},
				{
					"value":"Bağlam Menüsü Desteği (8.5 Teması)",
					"lang":"tr"
				},
				{
					"value":"Підтримка контекстного меню (тема 8.5)",
					"lang":"uk"
				},
				{
					"value":"上下文菜单支持（8.5 主题）",
					"lang":"zh"
				},
				{
					"value":"快速功能表支援（8.5 佈景主題）",
					"lang":"zh_TW"
				}
			],
			"descriptions": [
				{
					"value":"تقدم وحدة البرامج هذه دعم للقوائم السياقية.",
					"lang":"ar"
				},
				{
					"value":"Aquest mòdul proporciona suport per als menús contextuals.",
					"lang":"ca"
				},
				{
					"value":"Tento modul poskytuje podporu pro kontextové nabídky.",
					"lang":"cs"
				},
				{
					"value":"Dette modul leverer understøttelse af kontekstmenuer.",
					"lang":"da"
				},
				{
					"value":"Dieses Modul stellt die Unterstützung von Kontextmenüs bereit.",
					"lang":"de"
				},
				{
					"value":"Αυτή η λειτουργική μονάδα παρέχει υποστήριξη για μενού περιβάλλοντος.",
					"lang":"el"
				},
				{
					"value":"This module provides support for context menus.",
					"lang":"en"
				},
				{
					"value":"Este módulo proporciona soporte para los menús contextuales.",
					"lang":"es"
				},
				{
					"value":"Tämä moduuli tarjoaa tuen pikavalikoille.",
					"lang":"fi"
				},
				{
					"value":"Ce module fournit une prise en charge des menus contextuels.",
					"lang":"fr"
				},
				{
					"value":"מודול זה מספק תמיכה עבור תפריטי הקשר.",
					"lang":"he"
				},
				{
					"value":"Ovaj modul pruža podršku za kontekstne izbornike.",
					"lang":"hr"
				},
				{
					"value":"Ez a modul előugró menü támogatást biztosít.",
					"lang":"hu"
				},
				{
					"value":"Questo modulo fornisce supporto per i menu contesto.",
					"lang":"it"
				},
				{
					"value":"このモジュールは、コンテキスト・メニューのサポートを提供します。",
					"lang":"ja"
				},
				{
					"value":"Бұл модуль қолдауды мазмұн мәзірлері үшін қамтамасыз етеді.",
					"lang":"kk"
				},
				{
					"value":"이 모듈은 컨텍스트 메뉴를 지원합니다.",
					"lang":"ko"
				},
				{
					"value":"Deze module biedt ondersteuning voor contextmenu's.",
					"lang":"nl"
				},
				{
					"value":"Denne modulen gir støtte for hurtigmenyer.",
					"lang":"no"
				},
				{
					"value":"Ten moduł udostępnia wsparcie dla menu kontekstowych.",
					"lang":"pl"
				},
				{
					"value":"Este módulo fornece suporte para menus contextuais.",
					"lang":"pt"
				},
				{
					"value":"Este módulo fornece suporte para menus de contexto.",
					"lang":"pt_BR"
				},
				{
					"value":"Acest modul furnizează suport pentru meniurile context.",
					"lang":"ro"
				},
				{
					"value":"Этот модуль обеспечивает поддержку контекстных меню.",
					"lang":"ru"
				},
				{
					"value":"Tento modul poskytuje podporu pre kontextové ponuky.",
					"lang":"sk"
				},
				{
					"value":"Ta modul ponuja podporo za kontekstne menije.",
					"lang":"sl"
				},
				{
					"value":"Modulen ger snabbmenyfunktioner.",
					"lang":"sv"
				},
				{
					"value":"โมดูลนี้มีการสนับสนุนสำหรับเมนูบริบท",
					"lang":"th"
				},
				{
					"value":"Bu modül, bağlam menüleri için destek sağlar.",
					"lang":"tr"
				},
				{
					"value":"Забезпечує підтримку контекстних меню.",
					"lang":"uk"
				},
				{
					"value":"此模块提供了上下文菜单支持。",
					"lang":"zh"
				},
				{
					"value":"此模組提供快速功能表支援。",
					"lang":"zh_TW"
				}
			]
		},
		{
			"id":"wp_theme_skin_region",
			"prereqs": [
				{
					"id":"wp_client_main"
				}
			],
			"contributions": [
				{
					"type":"config",
					"sub-contributions": [
						{
							"type":"js",
							"uris": [
								{
									"value":"/js/skinRegion.js"
								},
								{
									"value":"/js/skinRegion.js.uncompressed.js",
									"type":"debug"
								}
							]
						}
					]
				}
			],
			"titles": [
				{
					"value":"دعم امكانية التوصل للأشكال العامة (النسق الرئيسي 8.5)",
					"lang":"ar"
				},
				{
					"value":"Suport d'accessibilitat per a aparences (tema 8.5)",
					"lang":"ca"
				},
				{
					"value":"Podpora usnadnění přístupu pro vzhledy (motiv 8.5)",
					"lang":"cs"
				},
				{
					"value":"Understøttelse af handicapvenlighed for udseender (8.5-tema)",
					"lang":"da"
				},
				{
					"value":"Unterstützung der barrierefreien Bedienung für Oberflächen (8.5-Motiv)",
					"lang":"de"
				},
				{
					"value":"Υποστήριξη διευκόλυνσης πρόσβασης για μοτίβα (Θέμα 8.5)",
					"lang":"el"
				},
				{
					"value":"Accessibility Support for Skins (8.5 Theme)",
					"lang":"en"
				},
				{
					"value":"Soporte de accesibilidad para Skins (Tema 8.5)",
					"lang":"es"
				},
				{
					"value":"Ulkoasujen helppokäyttötuki (8.5 teema)",
					"lang":"fi"
				},
				{
					"value":"Support de l'accessibilité pour les habillages (thème 8.5)",
					"lang":"fr"
				},
				{
					"value":"תמיכת נגישות עבור מעטפות (ערכה 8.5)",
					"lang":"he"
				},
				{
					"value":"Podrška za dostupnost skinova (8.5 tema)",
					"lang":"hr"
				},
				{
					"value":"Kisegítő lehetőségek támogatása felszínekhez (8.5 téma)",
					"lang":"hu"
				},
				{
					"value":"Supporto di accessibilità per gli skin (tema 8.5)",
					"lang":"it"
				},
				{
					"value":"スキンのアクセシビリティー・サポート (8.5 テーマ)",
					"lang":"ja"
				},
				{
					"value":"Мұқабалар үшін Accessibility Support қызметі (8.5 Тақырып)",
					"lang":"kk"
				},
				{
					"value":"스킨의 내게 필요한 옵션 지원(8.5 테마)",
					"lang":"ko"
				},
				{
					"value":"Toegankelijkheidsondersteuning voor uiterlijken (8.5-thema)",
					"lang":"nl"
				},
				{
					"value":"Accessibility Support for Skins (8.5 Theme)",
					"lang":"no"
				},
				{
					"value":"Obsługa ułatwień dostępu dla skór (kompozycja w wersji 8.5)",
					"lang":"pl"
				},
				{
					"value":"Suporte de acessibilidade para máscaras (Tema 8.5)",
					"lang":"pt"
				},
				{
					"value":"Suporte de Acessibilidade para Aparências (8,5 Theme)",
					"lang":"pt_BR"
				},
				{
					"value":"Suport accesibilitate pentru skin-uri (Tema 8.5)",
					"lang":"ro"
				},
				{
					"value":"Поддержка специальных возможностей для оболочек (тема 8.5)",
					"lang":"ru"
				},
				{
					"value":"Podpora zjednodušenia ovládania pre vzhľady (téma 8.5)",
					"lang":"sk"
				},
				{
					"value":"Podpora za pripomočke za ljudi s posebnimi potrebami za preobleke (tema 8.5)",
					"lang":"sl"
				},
				{
					"value":"Accessibility Support for Skins (8.5 Theme)",
					"lang":"sv"
				},
				{
					"value":"การสนับสนุนความสามารถในการเข้าถึงสำหรับสกิน (8.5 Theme)",
					"lang":"th"
				},
				{
					"value":"Dışyüzler İçin Erişilirlik Desteği (8.5 Teması)",
					"lang":"tr"
				},
				{
					"value":"Підтримка спеціальних можливостей для оболонок (тема 8.5)",
					"lang":"uk"
				},
				{
					"value":"外表的辅助功能选项支持（8.5 主题）",
					"lang":"zh"
				},
				{
					"value":"佈景主題的協助工具支援（8.5 佈景主題）",
					"lang":"zh_TW"
				}
			],
			"descriptions": [
				{
					"value":"تقدم وحدة البرامج هذه دعم امكانية التوصل للأشكال العامة. يتم اضافة وظيفة منطقة WAI-ARIA الى الشكل العام. يقدم هذا نقطة توصل اضافية للتقنيات المساعدة.",
					"lang":"ar"
				},
				{
					"value":"Aquest mòdul proporciona suport d'accessibilitat per a aparences. El rol de regió WAI-ARIA s'afegeix a l'aparença. Això proporciona un punt d'accés addicional per a tecnologies d'assistència.",
					"lang":"ca"
				},
				{
					"value":"Tento modul poskytuje podporu usnadnění přístupu pro vzhledy. Do vzhledu je přidána role oblasti WAI-ARIA. Tím je zajištěn další přístupový bod pro podpůrné technologie.",
					"lang":"cs"
				},
				{
					"value":"Dette modul leverer understøttelse af handicapvenlighed for udseender. WAI-ARIA-områderollen tilføjes til udseendet. Dette giver et ekstra adgangspunkt for hjælpeteknologier.",
					"lang":"da"
				},
				{
					"value":"Dieses Modul stellt die Unterstützung der barrierefreien Bedienung für Oberflächen bereit. Die Rolle der WAI-ARIA-Region wird der Oberfläche hinzugefügt. Dadurch steht ein zusätzlicher Zugriffspunkt für Hilfstechnologien zur Verfügung.",
					"lang":"de"
				},
				{
					"value":"Αυτή η λειτουργική μονάδα παρέχει υποστήριξη λειτουργιών διευκόλυνσης πρόσβασης για μοτίβα. Ο ρόλος περιοχής WAI-ARIA προστίθεται στο μοτίβο. Αυτό παρέχει ένα πρόσθετο σημείο πρόσβασης για τεχνολογίες υποβοήθησης.",
					"lang":"el"
				},
				{
					"value":"This module provides accessibility support for skins. The WAI-ARIA region role is added to the skin. This provides an additional access point for assistive technologies.",
					"lang":"en"
				},
				{
					"value":"Este módulo proporciona soporte de accesibilidad para skins. El rol de la región WAI-ARIA se añade al skin. Esto proporciona un punto de acceso adicional para tecnologías de asistencia.",
					"lang":"es"
				},
				{
					"value":"Tämä moduuli tarjoaa helppokäyttötuen ulkoasuille. Ulkoasuun lisätään WAI-ARIA-aluerooli. Se tarjoaa lisäkäyttöoikeuksia helppokäyttötoiminnoille.",
					"lang":"fi"
				},
				{
					"value":"Ce module fournit la prise en charge de l'accessibilité pour les habillages. Le rôle de région Wai-Aria est ajouté à l'habillage. Cela fournit un point d'accès supplémentaire pour les technologies d'assistance.",
					"lang":"fr"
				},
				{
					"value":"מודול זה מספק תמיכת נגישות עבור מעטפות. תפקיד האזור WAI-ARIA נוסף למעטפת. הדבר מספק נקודת גישה נוספת עבור טכנולוגיות סיוע.",
					"lang":"he"
				},
				{
					"value":"Ovaj modul pruža podršku za dostupnost skinova. Skinu se dodaje uloga regije WAI-ARIA. Ovo stvara dodatnu točku pristupa za pomoćne tehnologije.",
					"lang":"hr"
				},
				{
					"value":"Ez a modul biztosítja a kisegítő lehetőségek támogatását a felszínekhez. A felszínhez hozzá van adva a WAI-ARIA régió szerep. Ez további hozzáférési pontot biztosít a kisegítő technológiák számára.",
					"lang":"hu"
				},
				{
					"value":"Questo modulo fornisce supporto di accessibilità per gli skin. Il ruolo della regione WAI-ARIA viene aggiunto allo skin. Ciò fornisce un ulteriore punto di accesso per le tecnologie di assistenza.",
					"lang":"it"
				},
				{
					"value":"このモジュールは、スキンのアクセシビリティー・サポートを提供します。スキンには WAI-ARIA のリージョン・ロールが追加されています。これにより、支援技術のアクセス・ポイントが追加で提供されます。",
					"lang":"ja"
				},
				{
					"value":"Бұл модуль қолдауды мұқабалар үшін қол жетімділікті қамтамасыз етеді.  WAI-ARIA аймақ рөлі мұқабаға қосылды                                                                                                                                                                                                                                                                     Бұл көмекші тенологиялар үшін қосымша қатынас нүктесімен қаматасыз етеді.",
					"lang":"kk"
				},
				{
					"value":"이 모듈은 스킨의 내게 필요한 옵션을 지원합니다. WAI-ARIA 지역 역할이 스킨에 추가됩니다. 이 역할은 보조 기술의 추가 액세스 포인트를 제공합니다.",
					"lang":"ko"
				},
				{
					"value":"Deze module biedt toegankelijkheidsondersteuning voor uiterlijken. De WAI-ARIA-gebiedsrol wordt toegevoegd aan het uiterlijk. Dit verschaft een aanvullend toegangspunt voor hulptechnologie.",
					"lang":"nl"
				},
				{
					"value":"Denne modulen gir tilgjengelighetsstøtte for skall. WAI-ARIA-regionrollen blir lagt til i skallet. Dette gir et ekstra tilgangspunkt for hjelpeteknologier.",
					"lang":"no"
				},
				{
					"value":"Ten moduł udostępnia obsługę ułatwień dostępu dla skór. Rola regionu WAI-ARIA jest dodawana do skóry. W ten sposób udostępniany jest dodatkowy punkt dostępu dla technik wspomagających.",
					"lang":"pl"
				},
				{
					"value":"Este módulo fornece suporte de acessibilidade para máscaras. A função de região WAI-ARIA é adicionada à máscara. Faculta um ponto de acesso adicional para tecnologias de assistência.",
					"lang":"pt"
				},
				{
					"value":"Este módulo fornece suporte de acessibilidade para aparências. A função da região WAI-ARIA está incluído na pele. Isso fornece um ponto de acesso adicionais para tecnologias assistidas.",
					"lang":"pt_BR"
				},
				{
					"value":"Acest modul furnizează suport accesibilitate pentru skin-uri. Rolul regiunii WAI-ARIA este adăugat la skin. Aceasta furnizează un punct de acces suplimentar pentru tehnologiile de asistare.",
					"lang":"ro"
				},
				{
					"value":"Этот модуль обеспечивает поддержку специальных возможностей для оболочек. В оболочку добавляется роль области WAI-ARIA. Предоставляется дополнительная точка доступа для вспомогательных технологий.",
					"lang":"ru"
				},
				{
					"value":"Tento modul poskytuje podporu zjednodušenia ovládania pre vzhľady. Do vzhľadu sa pridalo pravidlo regiónu WAI-ARIA. Toto poskytuje ďalší prístupový bod pre pomocné technológie.",
					"lang":"sk"
				},
				{
					"value":"Ta modul ponuja podporo za pripomočke za ljudi s posebnimi potrebami za prebleke. Preobleki doda področno vlogo WAI-ARIA. To zagotovi dodatno dostopno točko za programe za pomoč.",
					"lang":"sl"
				},
				{
					"value":"Modulen ger hjälpmedelsfunktioner för skal. WAI-ARIA-regionrollen läggs till i skalet. Det ger en ytterligare anslutningspunkt för hjälpmedelstekniker.",
					"lang":"sv"
				},
				{
					"value":"โมดูลนี้มีการสนับสนุนความสามารถในการเข้าถึงสำหรับสกิน บทบาทส่วน WAI-ARIA ทั้งหมดถูกเพิ่มในสกิน โมดูลนี้มีจุดเข้าถึงเพิ่มเติมสำหรับเทคโนโลยีการให้ความช่วยเหลือ",
					"lang":"th"
				},
				{
					"value":"Bu modül, dışyüzler için erişilirlik desteği sağlar. Dışyüze WAI-ARIA bölgesi rolü eklenmiştir. Böylece, yardımcı teknolojiler için ek bir erişim noktası sağlanmış olur.",
					"lang":"tr"
				},
				{
					"value":"Забезпечує підтримку спеціальних можливостей для оболонок. До оболонки додається роль області WAI-ARIA. При цьому створюється додаткова точка доступу для допоміжних технологій.",
					"lang":"uk"
				},
				{
					"value":"此模块提供了外观的辅助功能选项支持。将 WAI-ARIA 区域角色添加到外表中。这提供了辅助技术的附加访问点。",
					"lang":"zh"
				},
				{
					"value":"此模組提供外觀的協助工具支援。將 WAI-ARIA 區域角色新增至外觀。這可提供輔助技術的其他存取點。",
					"lang":"zh_TW"
				}
			]
		},
		{
			"id":"wp_theme_high_contrast",
			"prereqs": [
				{
					"id":"wp_client_main"
				}
			],
			"contributions": [
				{
					"type":"config",
					"sub-contributions": [
						{
							"type":"js",
							"uris": [
								{
									"value":"/js/highContrast.js"
								},
								{
									"value":"/js/highContrast.js.uncompressed.js",
									"type":"debug"
								}
							]
						}
					]
				}
			],
			"titles": [
				{
					"value":"دعم التباين العالي (النسق الرئيسي 8.5)",
					"lang":"ar"
				},
				{
					"value":"Suport de contrast elevat (tema 8.5)",
					"lang":"ca"
				},
				{
					"value":"Podpora vysokého kontrastu (motiv 8.5)",
					"lang":"cs"
				},
				{
					"value":"Understøttelse af stor kontrast (8.5-tema)",
					"lang":"da"
				},
				{
					"value":"Unterstützung von hohem Kontrast (8.5-Motiv)",
					"lang":"de"
				},
				{
					"value":"Υποστήριξη υψηλής αντίθεσης (Θέμα 8.5)",
					"lang":"el"
				},
				{
					"value":"High Contrast Support (8.5 Theme)",
					"lang":"en"
				},
				{
					"value":"Soporte de alto contraste (Tema 8.5)",
					"lang":"es"
				},
				{
					"value":"Suuren kontrastin tuki (8.5 teema)",
					"lang":"fi"
				},
				{
					"value":"Support du contraste élevé (thème 8.5)",
					"lang":"fr"
				},
				{
					"value":"תמיכת ניגודיות גבוהה מעטפות (ערכה 8.5)",
					"lang":"he"
				},
				{
					"value":"Podrška za visoki kontrast (8.5 tema)",
					"lang":"hr"
				},
				{
					"value":"Nagy kontraszt támogatás (8.5 téma)",
					"lang":"hu"
				},
				{
					"value":"Supporto contrasto elevato (tema 8.5)",
					"lang":"it"
				},
				{
					"value":"ハイ・コントラスト・サポート (8.5 テーマ)",
					"lang":"ja"
				},
				{
					"value":"High Contrast Support (8.5 Тақырып)",
					"lang":"kk"
				},
				{
					"value":"고대비 지원(8.5 테마)",
					"lang":"ko"
				},
				{
					"value":"High Contrast-ondersteuning (8.5-thema)",
					"lang":"nl"
				},
				{
					"value":"High Contrast Support (8.5 Theme)",
					"lang":"no"
				},
				{
					"value":"Obsługa wysokiego kontrastu (kompozycja w wersji 8.5)",
					"lang":"pl"
				},
				{
					"value":"Suporte de alto contraste (Tema 8.5)",
					"lang":"pt"
				},
				{
					"value":"Alto Contraste Suporte (8,5 Theme)",
					"lang":"pt_BR"
				},
				{
					"value":"Suport contrast înalt (Tema 8.5)",
					"lang":"ro"
				},
				{
					"value":"Поддержка высокой контрастности (тема 8.5)",
					"lang":"ru"
				},
				{
					"value":"Podpora vysokého kontrastu (téma 8.5)",
					"lang":"sk"
				},
				{
					"value":"Podpora z visok kontrast (tema 8.5)",
					"lang":"sl"
				},
				{
					"value":"High Contrast Support (8.5 Theme)",
					"lang":"sv"
				},
				{
					"value":"การสนับสนุนความเปรียบต่างสูง (8.5 Theme)",
					"lang":"th"
				},
				{
					"value":"Yüksek Karşıtlık Desteği (8.5 Teması)",
					"lang":"tr"
				},
				{
					"value":"Підтримка високого контрасту (тема 8.5)",
					"lang":"uk"
				},
				{
					"value":"高对比支持（8.5 主题）",
					"lang":"zh"
				},
				{
					"value":"高對比支援（8.5 佈景主題）",
					"lang":"zh_TW"
				}
			],
			"descriptions": [
				{
					"value":"تقدم وحدة البرامج هذه طريقة لاكتشاف ما اذا كان التباين العالي متاحا. اذا تم اتاحة التباين العالي، سيتم اضافة نمط الى شارة تعليم النص. يقدم هذا طريقة للتعامل مع العناصر المرئية لامكانية التوصل.",
					"lang":"ar"
				},
				{
					"value":"Aquest mòdul proporciona un mètode per detectar si el contrast elevat està habilitat. Si ho està, s'afegirà un estil a l'etiqueta de cos. Així podreu gestionar elements visuals per a accessibilitat.",
					"lang":"ca"
				},
				{
					"value":"Tento modul poskytuje metodu ke zjištění, zda je povolen vysoký kontrast. Pokud je povolen vysoký kontrast, přidá se do značky těla styl. Tím je zajištěn způsob, jak zpracovat vizuální prvky pro usnadnění přístupu.",
					"lang":"cs"
				},
				{
					"value":"Dette modul leverer en metode til at registrere, om stor kontrast er aktiveret. Hvis stor kontrast er aktiveret, tilføjes en typografi til BODY-koden. Dette giver mulighed for at håndtere visuelle delelementer til handicapvenlighed.",
					"lang":"da"
				},
				{
					"value":"Dieses Modul stellt eine Methode zur Verfügung, mit der erkannt werden kann, ob ein hoher Kontrast aktiviert ist. Wenn ein hoher Kontrast aktiviert ist, wird dem Hauptteiltag ein Stil hinzugefügt. Auf diese Weise steht eine Möglichkeit zur Behandlung visueller Elemente für die barrierefreie Bedienung zur Verfügung.",
					"lang":"de"
				},
				{
					"value":"Αυτή η λειτουργική μονάδα παρέχει μια μέθοδο για να εντοπιστεί αν είναι ενεργοποιημένη η υψηλή αντίθεση. Αν η υψηλή αντίθεση είναι ενεργοποιημένη, προστίθεται ένα στυλ στο προσδιοριστικό body. Αυτό παρέχει έναν τρόπο χειρισμού των οπτικών στοιχείων για διευκόλυνση πρόσβασης.",
					"lang":"el"
				},
				{
					"value":"This module provides a method to detect whether high contrast is enabled. If high contrast is enabled, a style is added to the body tag. This provides a way to handle visual elements for accessibility.",
					"lang":"en"
				},
				{
					"value":"Este módulo proporciona un método para detectar si el alto contraste está habilitado. Si el alto contraste está habilitada, se añade un estilo al código del cuerpo. Esto proporciona una forma de manejar los elementos visuales para las funciones de accesibilidad.",
					"lang":"es"
				},
				{
					"value":"Tämä moduuli tarjoaa menetelmän suuren kontrastin havaitsemiseen. Jos suuri kontrasti on käytössä, tekstiosan tunnisteeseen lisätään tyyli. Näin voidaan käsitellä helppokäyttötoimintojen visuaalisia elementtejä.",
					"lang":"fi"
				},
				{
					"value":"Ce module fournit une méthode pour détecter si le contraste élevé est activé. Si le contraste élevé est activé, un style est ajouté à la balise body. Cela fournit un moyen de gérer les éléments visuels pour l'accessibilité. ",
					"lang":"fr"
				},
				{
					"value":"מודול זה מספק מתודה המזהה עם ניגודיות גבוהה הופעלה. אם ניגודיות גבוהה הופעלה, נוסף סגנון לתג הגוף. הדבר מאפשר דרך לטיפול במרכיבים חזותיים עבור נגישות.",
					"lang":"he"
				},
				{
					"value":"Ovaj modul pruža metodu koja otkriva da li je omogućen visoki kontrast. Ako je visoki kontrast omogućen, u oznaku tijela se dodaje stil. Time se omogućuje rukovanje vizualnim elementima za dostupnost.",
					"lang":"hr"
				},
				{
					"value":"Ebben a modulban megnézheti, hogy engedélyezett-e a nagy kontraszt. Ha a nagy kontraszt engedélyezett, akkor fel van véve egy stílus a body címkébe. Így kezelhetőek a vizuális elemek a kisegítő lehetőségek szem előtt tartásával.",
					"lang":"hu"
				},
				{
					"value":"Questo modulo fornisce un metodo per rilevare se è abilitato il contrasto elevato. Se il contrasto elevato viene abilitato, viene aggiunto uno stile alla tag del corpo. Ciò fornisce un modo per gestire elementi visivi per l'accessibilità.",
					"lang":"it"
				},
				{
					"value":"このモジュールは、ハイ・コントラストが有効化されているかどうかを検出するメソッドを提供します。ハイ・コントラストが有効の場合は、スタイルが本文タグに追加されます。これにより、アクセシビリティー用の視覚エレメントを処理することが可能です。",
					"lang":"ja"
				},
				{
					"value":"Бұл модуль жоғары контраст қосылған кезде анықтайтын әдіспен қамтамасыз етед. Егер жоғары контраст іске қосылса, мәнер негізгі тегке қосылады. Бұл көрнекті элементтерді қол жетімілік үшін сақтау жолын орындайды.",
					"lang":"kk"
				},
				{
					"value":"이 모듈은 고대비 사용 여부를 탐색하는 방법을 제공합니다. 고대비를 사용하면 스타일이 본문 태그에 추가됩니다. 이는 내게 필요한 옵션의 시각적 요소를 처리하는 방법을 제공합니다.",
					"lang":"ko"
				},
				{
					"value":"Deze module biedt een methode om te detecteren of Hoog contrast is ingeschakeld. Als Hoog contrast is ingeschakeld, wordt een stijl toegevoegd aan de tag voor de lopende tekst. Dit biedt een manier voor het afhandelen van visuele elementen voor toegankelijkheid.",
					"lang":"nl"
				},
				{
					"value":"Denne modulen inneholder en metode for å oppdage om høy kontrast er aktivert. Hvis høy kontrast er aktivert, blir det lagt til en stil i body-koden. Dette gir en metode for å håndtere visuelle elementer for tilgjengelighet.",
					"lang":"no"
				},
				{
					"value":"Ten moduł udostępnia metodę wykrywania, czy wysoki kontrast jest włączony. Jeśli wysoki kontrast jest włączony, styl jest dodawany do znacznika body. W ten sposób udostępniana jest metoda obsługi elementów wizualnych na potrzeby ułatwień dostępu.",
					"lang":"pl"
				},
				{
					"value":"Este módulo fornece um método para detectar se o alto contraste está activado. Se o alto contraste estiver activado, é adicionado um estilo ao controlo body. Proporciona uma forma de processar elementos visuais para acessibilidade.",
					"lang":"pt"
				},
				{
					"value":"Este módulo fornece um método para detectar se alto contraste é ativado. Se alto contraste é ativado, um estilo é incluído na tag body. Isso fornece uma maneira para manipular elementos visuais para acessibilidade.",
					"lang":"pt_BR"
				},
				{
					"value":"Acest modul furnizează o metodă de a detecta dacă este activat contrastul înalt. Dacă este activat contrastul înalt, este adăugat un stil la tag-ul corpului. Acesata furnizează un mod de a manipula elementele vizuale pentru accesibilitate.",
					"lang":"ro"
				},
				{
					"value":"Предоставляет метод проверки состояния режима высокой контрастности. Если режим высокой контрастности включен, то стиль добавляется в тег body. Такой подход предоставляет способ обработки визуальных элементов для поддержки специальных возможностей.",
					"lang":"ru"
				},
				{
					"value":"Tento modul poskytuje metódu zistenie, či je povolený vysoký kontrast. Ak je povolený vysoký kontrast, do značky body sa pridá štýl. Takto možno spracúvať vizuálne elementy pre zjednodušenie ovládania.",
					"lang":"sk"
				},
				{
					"value":"Ta modul omogoča način za zaznavanje, ali je omogočen visok kontrast. Če je visok kontrast omogočen, bo oznaki telesa dodan slog. S tem se omogoči obravnavanje vidnih elementov na način, ki ustreza pripomočkom za ljudi s posebnimi potrebami.",
					"lang":"sl"
				},
				{
					"value":"Modulen tillhandahåller en metod att avgöra om hög kontrast är aktiverat. Om hög kontrast är aktiverat läggs ett format till i body-märkordet. Det gör det möjligt att hantera visuella element för hjälpmedelsfunktioner.",
					"lang":"sv"
				},
				{
					"value":"โมดูลนี้มีเมธอดเพื่อตรวจจับว่าเปิดใช้งานความเปรียบต่างสูงหรือไม่ ถ้าเปิดใช้ความเปรียบต่างสูง สไตล์จะถูกเพิ่มในแท็ก body  ซึ่งจะทำให้มีวิธีจัดการอิลิเมนต์ภาพสำหรับความสามารถในการเข้าถึง",
					"lang":"th"
				},
				{
					"value":"Bu modül, yüksek karşıtlığın etkinleştirilmiş olup olmadığının algılanması için bir yöntem sağlar. Yüksek karşıtlık etkinleştirildiyse, body etiketine bir biçem eklenir. Böylelikle, erişilirlikle ilgili olarak, görsel öğeleri işlemek için bir yol sağlanmış olur.",
					"lang":"tr"
				},
				{
					"value":"Надає метод визначення, чи увімкнено високий контраст. Якщо високий контраст увімкнено, до тегу body буде додано стиль. Це дозволить обробляти візуальні елементи для надання спеціальних можливостей.",
					"lang":"uk"
				},
				{
					"value":"此模块提供了可检测是否已启用高对比的方法。如果已启用高对比，请将样式添加到主体标记中。这为辅助功能选项提供了处理可视元素的方法。",
					"lang":"zh"
				},
				{
					"value":"此模組提供偵測是否已啟用高對比的方法。如果已啟用高對比，則會將樣式新增至主體標記。這可提供處理協助工具之視覺化元素的方法。",
					"lang":"zh_TW"
				}
			]
		}
	]
}