{
	"moduleIDs": [
        "getting_started_module",
		"wp_theme_portal_85",
		"wp_dynamicContentSpots_85",
		"wp_toolbar_host_view",
		"wp_portlet_css",
		"wp_client_ext",
		"wp_status_bar",
		"wp_theme_menus",
		"wp_theme_skin_region",
		"wp_theme_high_contrast",
		"wp_layout_windowstates",
		"wp_portal",
		"wp_analytics_aggregator",
		"wp_oob_sample_styles",
		"wp_ic4_wai_resources",
		"wp_worklight_ext",
		"wp_sametime_proxy",
		"wp_draft_page_ribbon",         
		"bootstrap",
        "custom_module" 
	],
	"deferredModuleIDs": [
		"wp_toolbar_host_edit",
		"wp_analytics_tags",
		"wp_contextmenu_live_object",
		"wp_content_targeting_cam",
		"wcm_inplaceEdit",
		"wp_skin_cam"
	],
	"titles": [
		{
			"value":"Bootstrap Profile",
			"lang":"en"
		}
	],
	"descriptions": [
		
		{
			"value":"This profile has the full set of modules for the theme, but defers loading most of these modules unless actually needed.  This profile balances function and performance.",
			"lang":"en"
		}
	]
}